lsoa11cd,tcity15cd,tcity15nm,lad11cd,lad11nm,GOR_CODE,GOR_NAME,totalSES,british_high,british_med,british_low,asian_high,asian_med,asian_low,black_high,black_med,black_low,british_subtotal,asian_subtotal,black_subtotal,high_subtotal,med_subtotal,low_subtotal,pbritish_high,pbritish_med,pbritish_low,pasian_high,pasian_med,pasian_low,pblack_high,pblack_med,pblack_low
E01010597,J01000013,Bradford,E08000032,Bradford,E12000003,Yorkshire and The Humber,1159,191,289,280,28,50,43,7,12,5,760,121,24,226,351,328,25.131578,38.026318,36.842106,23.140495,41.322315,35.537189,29.166666,50,20.833334
E01010598,J01000013,Bradford,E08000032,Bradford,E12000003,Yorkshire and The Humber,1421,265,408,299,50,66,50,3,6,9,972,166,18,318,480,358,27.263374,41.975307,30.761316,30.120481,39.759037,30.120481,16.666666,33.333332,50
E01010599,J01000013,Bradford,E08000032,Bradford,E12000003,Yorkshire and The Humber,1063,124,197,151,94,97,76,8,11,4,472,267,23,226,305,231,26.271187,41.737289,31.991526,35.205994,36.32959,28.46442,34.782608,47.826088,17.391304
E01010600,J01000013,Bradford,E08000032,Bradford,E12000003,Yorkshire and The Humber,1067,93,158,133,82,128,137,13,8,3,384,347,24,188,294,273,24.21875,41.145832,34.635418,23.631124,36.887608,39.48127,54.166668,33.333332,12.5
E01010601,J01000013,Bradford,E08000032,Bradford,E12000003,Yorkshire and The Humber,1354,300,427,364,14,38,23,7,6,0,1091,75,13,321,471,387,27.497709,39.138405,33.363888,18.666666,50.666668,30.666666,53.846153,46.153847,0
E01010602,J01000013,Bradford,E08000032,Bradford,E12000003,Yorkshire and The Humber,1229,201,286,278,54,74,41,6,0,9,765,169,15,261,360,328,26.274509,37.38562,36.33987,31.952663,43.786983,24.260355,40,0,60
E01010603,J01000013,Bradford,E08000032,Bradford,E12000003,Yorkshire and The Humber,1303,292,365,359,24,31,20,5,4,7,1016,75,16,321,400,386,28.740158,35.925198,35.334644,32,41.333332,26.666666,31.25,25,43.75
E01010604,J01000013,Bradford,E08000032,Bradford,E12000003,Yorkshire and The Humber,1501,332,485,378,28,22,24,6,1,7,1195,74,14,366,508,409,27.782427,40.585773,31.6318,37.837837,29.729731,32.432434,42.857143,7.1428571,50
E01010605,J01000013,Bradford,E08000032,Bradford,E12000003,Yorkshire and The Humber,1194,155,284,450,8,21,7,6,9,14,889,36,29,169,314,471,17.43532,31.946007,50.618671,22.222221,58.333332,19.444445,20.689655,31.034483,48.275864
E01010606,J01000013,Bradford,E08000032,Bradford,E12000003,Yorkshire and The Humber,1348,22,53,85,70,192,242,2,6,11,160,504,19,94,251,338,13.75,33.125,53.125,13.888889,38.095238,48.015873,10.526316,31.578947,57.894737
E01010607,J01000013,Bradford,E08000032,Bradford,E12000003,Yorkshire and The Humber,1356,34,26,48,80,242,231,2,7,12,108,553,21,116,275,291,31.481482,24.074074,44.444443,14.466546,43.761303,41.772152,9.5238094,33.333332,57.142857
E01010608,J01000013,Bradford,E08000032,Bradford,E12000003,Yorkshire and The Humber,1165,5,18,36,73,184,240,11,2,6,59,497,19,89,204,282,8.474576,30.508474,61.016949,14.688128,37.022133,48.289738,57.894737,10.526316,31.578947
E01010609,J01000013,Bradford,E08000032,Bradford,E12000003,Yorkshire and The Humber,1209,115,268,420,19,42,34,4,6,5,803,95,15,138,316,459,14.321295,33.374844,52.30386,20,44.210526,35.789474,26.666666,40,33.333332
E01010610,J01000013,Bradford,E08000032,Bradford,E12000003,Yorkshire and The Humber,1147,103,227,432,12,22,14,2,4,9,762,48,15,117,253,455,13.51706,29.790026,56.692913,25,45.833332,29.166666,13.333333,26.666666,60
E01010611,J01000013,Bradford,E08000032,Bradford,E12000003,Yorkshire and The Humber,1631,184,280,426,67,87,85,8,12,20,890,239,40,259,379,531,20.674158,31.460674,47.86517,28.033472,36.401672,35.564854,20,30,50
E01010612,J01000013,Bradford,E08000032,Bradford,E12000003,Yorkshire and The Humber,962,89,148,351,4,7,5,13,17,12,588,16,42,106,172,368,15.136054,25.170069,59.693878,25,43.75,31.25,30.952381,40.476189,28.571428
E01010613,J01000013,Bradford,E08000032,Bradford,E12000003,Yorkshire and The Humber,1139,119,205,312,27,61,77,4,6,18,636,165,28,150,272,407,18.710691,32.232704,49.056602,16.363636,36.969696,46.666668,14.285714,21.428572,64.285713
E01010614,J01000013,Bradford,E08000032,Bradford,E12000003,Yorkshire and The Humber,1078,124,214,363,21,21,21,4,6,13,701,63,23,149,241,397,17.689016,30.527817,51.783169,33.333332,33.333332,33.333332,17.391304,26.086956,56.52174
E01010615,J01000013,Bradford,E08000032,Bradford,E12000003,Yorkshire and The Humber,1095,183,271,309,17,32,24,6,2,6,763,73,14,206,305,339,23.984272,35.517693,40.498035,23.287672,43.835617,32.876713,42.857143,14.285714,42.857143
E01010616,J01000013,Bradford,E08000032,Bradford,E12000003,Yorkshire and The Humber,1309,67,126,274,63,118,111,18,13,38,467,292,69,148,257,423,14.346895,26.980728,58.672379,21.575342,40.410957,38.013699,26.086956,18.84058,55.072464
E01010617,J01000013,Bradford,E08000032,Bradford,E12000003,Yorkshire and The Humber,1034,44,97,193,41,96,117,10,9,21,334,254,40,95,202,331,13.173653,29.041916,57.784431,16.141733,37.795277,46.062992,25,22.5,52.5
E01010618,J01000013,Bradford,E08000032,Bradford,E12000003,Yorkshire and The Humber,1158,36,71,155,63,164,147,2,1,5,262,374,8,101,236,307,13.740458,27.099237,59.160305,16.844919,43.850266,39.304813,25,12.5,62.5
E01010619,J01000013,Bradford,E08000032,Bradford,E12000003,Yorkshire and The Humber,1557,17,23,36,155,289,337,6,7,6,76,781,19,178,319,379,22.368422,30.263159,47.36842,19.846352,37.003841,43.149807,31.578947,36.842106,31.578947
E01010620,J01000013,Bradford,E08000032,Bradford,E12000003,Yorkshire and The Humber,1250,26,36,78,87,202,241,4,5,4,140,530,13,117,243,323,18.571428,25.714285,55.714287,16.415094,38.113209,45.471699,30.76923,38.46154,30.76923
E01010621,J01000013,Bradford,E08000032,Bradford,E12000003,Yorkshire and The Humber,1472,3,12,12,125,293,305,3,0,2,27,723,5,131,305,319,11.111111,44.444443,44.444443,17.289074,40.525589,42.185337,60,0,40
E01010622,J01000013,Bradford,E08000032,Bradford,E12000003,Yorkshire and The Humber,1581,16,20,54,104,254,343,3,1,7,90,701,11,123,275,404,17.777779,22.222221,60,14.835949,36.233952,48.930099,27.272728,9.090909,63.636364
E01010623,J01000013,Bradford,E08000032,Bradford,E12000003,Yorkshire and The Humber,1187,32,67,138,66,140,174,2,5,3,237,380,10,100,212,315,13.50211,28.270042,58.227848,17.368422,36.842106,45.789474,20,50,30
E01010624,J01000013,Bradford,E08000032,Bradford,E12000003,Yorkshire and The Humber,1494,5,23,32,88,274,319,4,3,6,60,681,13,97,300,357,8.333333,38.333332,53.333332,12.922174,40.234947,46.842876,30.76923,23.076923,46.153847
E01010625,J01000013,Bradford,E08000032,Bradford,E12000003,Yorkshire and The Humber,1180,40,79,183,53,144,115,2,1,1,302,312,4,95,224,299,13.245033,26.158941,60.596027,16.987179,46.153847,36.858974,50,25,25
E01010626,J01000013,Bradford,E08000032,Bradford,E12000003,Yorkshire and The Humber,1317,38,59,106,101,222,226,4,7,5,203,549,16,143,288,337,18.719212,29.064039,52.216747,18.397085,40.437157,41.165756,25,43.75,31.25
E01010627,J01000013,Bradford,E08000032,Bradford,E12000003,Yorkshire and The Humber,1161,69,123,171,59,156,171,4,6,12,363,386,22,132,285,354,19.008265,33.884296,47.107437,15.284974,40.414509,44.300518,18.181818,27.272728,54.545456
E01010628,J01000013,Bradford,E08000032,Bradford,E12000003,Yorkshire and The Humber,1350,179,283,335,59,86,87,7,4,6,797,232,17,245,373,428,22.459223,35.508156,42.032623,25.431034,37.068966,37.5,41.176472,23.529411,35.294117
E01010629,J01000013,Bradford,E08000032,Bradford,E12000003,Yorkshire and The Humber,1363,114,156,142,150,208,144,16,3,5,412,502,24,280,367,291,27.669903,37.864079,34.466019,29.880478,41.434261,28.685259,66.666664,12.5,20.833334
E01010630,J01000013,Bradford,E08000032,Bradford,E12000003,Yorkshire and The Humber,1144,131,223,287,60,79,64,1,5,6,641,203,12,192,307,357,20.436817,34.789391,44.773792,29.55665,38.916256,31.527094,8.333333,41.666668,50
E01010631,J01000013,Bradford,E08000032,Bradford,E12000003,Yorkshire and The Humber,1082,104,145,288,59,53,53,16,6,20,537,165,42,179,204,361,19.366854,27.001862,53.631287,35.757576,32.121212,32.121212,38.095238,14.285714,47.619049
E01010632,J01000013,Bradford,E08000032,Bradford,E12000003,Yorkshire and The Humber,931,80,118,271,53,51,50,5,4,11,469,154,20,138,173,332,17.05757,25.159914,57.782516,34.415585,33.116882,32.467533,25,20,55
E01010633,J01000013,Bradford,E08000032,Bradford,E12000003,Yorkshire and The Humber,1262,296,297,234,68,80,75,4,3,3,827,223,10,368,380,312,35.792019,35.912937,28.295042,30.493273,35.874439,33.632286,40,30,30
E01010634,J01000013,Bradford,E08000032,Bradford,E12000003,Yorkshire and The Humber,1227,335,431,315,4,10,3,4,3,0,1081,17,7,343,444,318,30.989824,39.870491,29.139685,23.529411,58.823528,17.647058,57.142857,42.857143,0
E01010635,J01000013,Bradford,E08000032,Bradford,E12000003,Yorkshire and The Humber,1124,124,249,403,25,30,29,6,2,3,776,84,11,155,281,435,15.979382,32.087627,51.932991,29.761906,35.714287,34.523811,54.545456,18.181818,27.272728
E01010636,J01000013,Bradford,E08000032,Bradford,E12000003,Yorkshire and The Humber,1430,410,440,297,29,37,20,7,4,0,1147,86,11,446,481,317,35.745422,38.360943,25.893635,33.720932,43.023254,23.255814,63.636364,36.363636,0
E01010637,J01000013,Bradford,E08000032,Bradford,E12000003,Yorkshire and The Humber,1231,249,286,226,42,47,30,2,0,1,761,119,3,293,333,257,32.720104,37.58213,29.697765,35.294117,39.4958,25.210085,66.666664,0,33.333332
E01010649,J01000013,Bradford,E08000032,Bradford,E12000003,Yorkshire and The Humber,1102,199,356,375,4,10,7,4,2,3,930,21,9,207,368,385,21.39785,38.279572,40.322582,19.047619,47.619049,33.333332,44.444443,22.222221,33.333332
E01010650,J01000013,Bradford,E08000032,Bradford,E12000003,Yorkshire and The Humber,1103,111,208,402,3,14,12,7,6,17,721,29,30,121,228,431,15.395285,28.848822,55.755894,10.344828,48.275864,41.379311,23.333334,20,56.666668
E01010651,J01000013,Bradford,E08000032,Bradford,E12000003,Yorkshire and The Humber,1222,303,386,297,17,32,18,4,0,2,986,67,6,324,418,317,30.730223,39.148071,30.121704,25.373135,47.761192,26.865671,66.666664,0,33.333332
E01010652,J01000013,Bradford,E08000032,Bradford,E12000003,Yorkshire and The Humber,1340,297,431,414,5,6,5,8,3,4,1142,16,15,310,440,423,26.007006,37.740807,36.25219,31.25,37.5,31.25,53.333332,20,26.666666
E01010653,J01000013,Bradford,E08000032,Bradford,E12000003,Yorkshire and The Humber,1191,184,334,412,8,9,12,6,7,6,930,29,19,198,350,430,19.784946,35.913979,44.301075,27.586206,31.034483,41.379311,31.578947,36.842106,31.578947
E01010654,J01000013,Bradford,E08000032,Bradford,E12000003,Yorkshire and The Humber,1045,124,244,413,3,5,7,1,5,4,781,15,10,128,254,424,15.877081,31.241997,52.88092,20,33.333332,46.666668,10,50,40
E01010655,J01000013,Bradford,E08000032,Bradford,E12000003,Yorkshire and The Humber,1005,116,240,374,6,8,4,6,3,3,730,18,12,128,251,381,15.890411,32.876713,51.232876,33.333332,44.444443,22.222221,50,25,25
E01010656,J01000013,Bradford,E08000032,Bradford,E12000003,Yorkshire and The Humber,1226,262,386,317,11,33,22,2,7,4,965,66,13,275,426,343,27.150259,40,32.849739,16.666666,50,33.333332,15.384615,53.846153,30.76923
E01010657,J01000013,Bradford,E08000032,Bradford,E12000003,Yorkshire and The Humber,1243,292,400,364,7,10,4,3,0,2,1056,21,5,302,410,370,27.651516,37.878788,34.469696,33.333332,47.619049,19.047619,60,0,40
E01010658,J01000013,Bradford,E08000032,Bradford,E12000003,Yorkshire and The Humber,1383,61,93,130,125,192,200,7,7,13,284,517,27,193,292,343,21.478872,32.746479,45.774647,24.17795,37.137329,38.684719,25.925926,25.925926,48.148148
E01010659,J01000013,Bradford,E08000032,Bradford,E12000003,Yorkshire and The Humber,1271,66,131,273,63,135,139,3,1,4,470,337,8,132,267,416,14.042553,27.872341,58.085106,18.694363,40.059349,41.246292,37.5,12.5,50
E01010662,J01000013,Bradford,E08000032,Bradford,E12000003,Yorkshire and The Humber,1070,154,199,179,74,116,105,6,3,7,532,295,16,234,318,291,28.947369,37.406013,33.646618,25.084745,39.322033,35.59322,37.5,18.75,43.75
E01010663,J01000013,Bradford,E08000032,Bradford,E12000003,Yorkshire and The Humber,1214,71,130,254,49,114,120,16,6,15,455,283,37,136,250,389,15.604396,28.571428,55.824177,17.314487,40.282684,42.402828,43.243244,16.216217,40.540539
E01010664,J01000013,Bradford,E08000032,Bradford,E12000003,Yorkshire and The Humber,1167,147,196,174,99,137,152,0,0,3,517,388,3,246,333,329,28.43327,37.911026,33.655704,25.515465,35.309277,39.175259,0,0,100
E01010665,J01000013,Bradford,E08000032,Bradford,E12000003,Yorkshire and The Humber,1232,143,181,209,92,136,157,6,3,4,533,385,13,241,320,370,26.829268,33.958725,39.212006,23.896105,35.324677,40.779221,46.153847,23.076923,30.76923
E01010666,J01000013,Bradford,E08000032,Bradford,E12000003,Yorkshire and The Humber,1193,101,193,336,28,63,63,8,2,6,630,154,16,137,258,405,16.031746,30.63492,53.333332,18.181818,40.909092,40.909092,50,12.5,37.5
E01010667,J01000013,Bradford,E08000032,Bradford,E12000003,Yorkshire and The Humber,1161,118,193,248,53,86,103,10,11,11,559,242,32,181,290,362,21.109123,34.52594,44.364937,21.900826,35.537189,42.561985,31.25,34.375,34.375
E01010668,J01000013,Bradford,E08000032,Bradford,E12000003,Yorkshire and The Humber,1086,195,290,222,50,79,52,8,4,3,707,181,15,253,373,277,27.581329,41.018387,31.400284,27.62431,43.646408,28.729282,53.333332,26.666666,20
E01010669,J01000013,Bradford,E08000032,Bradford,E12000003,Yorkshire and The Humber,1348,134,170,146,108,200,140,22,3,7,450,448,32,264,373,293,29.777779,37.777779,32.444443,24.107143,44.642857,31.25,68.75,9.375,21.875
E01010670,J01000013,Bradford,E08000032,Bradford,E12000003,Yorkshire and The Humber,1282,200,106,81,149,166,85,3,3,2,387,400,8,352,275,168,51.679588,27.390181,20.930233,37.25,41.5,21.25,37.5,37.5,25
E01010671,J01000013,Bradford,E08000032,Bradford,E12000003,Yorkshire and The Humber,1204,108,106,80,156,203,138,7,2,1,294,497,10,271,311,219,36.734695,36.05442,27.210884,31.38833,40.84507,27.7666,70,20,10
E01010672,J01000013,Bradford,E08000032,Bradford,E12000003,Yorkshire and The Humber,1045,343,290,204,23,37,10,11,2,0,837,70,13,377,329,214,40.979691,34.647552,24.372761,32.857143,52.857143,14.285714,84.615387,15.384615,0
E01010673,J01000013,Bradford,E08000032,Bradford,E12000003,Yorkshire and The Humber,1244,88,59,55,94,213,178,0,3,3,202,485,6,182,275,236,43.564358,29.20792,27.227722,19.381443,43.917526,36.701031,0,50,50
E01010674,J01000013,Bradford,E08000032,Bradford,E12000003,Yorkshire and The Humber,1069,66,102,172,63,140,115,6,2,7,340,318,15,135,244,294,19.411764,30,50.588234,19.811321,44.025158,36.163521,40,13.333333,46.666668
E01010675,J01000013,Bradford,E08000032,Bradford,E12000003,Yorkshire and The Humber,1564,244,180,96,165,185,125,9,4,3,520,475,16,418,369,224,46.923077,34.615383,18.461538,34.736843,38.947369,26.31579,56.25,25,18.75
E01010676,J01000013,Bradford,E08000032,Bradford,E12000003,Yorkshire and The Humber,1611,23,18,22,123,322,310,3,4,2,63,755,9,149,344,334,36.507938,28.571428,34.920635,16.291391,42.649006,41.059601,33.333332,44.444443,22.222221
E01010677,J01000013,Bradford,E08000032,Bradford,E12000003,Yorkshire and The Humber,1331,81,123,179,90,161,175,6,8,8,383,426,22,177,292,362,21.148825,32.114883,46.736294,21.12676,37.793427,41.079811,27.272728,36.363636,36.363636
E01010678,J01000013,Bradford,E08000032,Bradford,E12000003,Yorkshire and The Humber,1099,282,287,190,70,53,25,4,5,3,759,148,12,356,345,218,37.154152,37.812912,25.032938,47.297298,35.81081,16.891891,33.333332,41.666668,25
E01010679,J01000013,Bradford,E08000032,Bradford,E12000003,Yorkshire and The Humber,1299,37,44,59,100,174,177,4,4,19,140,451,27,141,222,255,26.428572,31.428572,42.142857,22.172949,38.580933,39.24612,14.814815,14.814815,70.370369
E01010680,J01000013,Bradford,E08000032,Bradford,E12000003,Yorkshire and The Humber,1440,245,339,512,16,9,14,8,4,8,1096,39,20,269,352,534,22.354015,30.930656,46.715328,41.025642,23.076923,35.897434,40,20,40
E01010681,J01000013,Bradford,E08000032,Bradford,E12000003,Yorkshire and The Humber,1130,386,341,158,39,45,16,4,4,2,885,100,10,429,390,176,43.615818,38.531075,17.853107,39,45,16,40,40,20
E01010682,J01000013,Bradford,E08000032,Bradford,E12000003,Yorkshire and The Humber,1212,219,316,410,6,13,8,12,4,7,945,27,23,237,333,425,23.174603,33.439152,43.386242,22.222221,48.148148,29.629629,52.173912,17.391304,30.434782
E01010683,J01000013,Bradford,E08000032,Bradford,E12000003,Yorkshire and The Humber,1348,552,388,210,12,6,4,3,4,2,1150,22,9,567,398,216,48,33.739132,18.26087,54.545456,27.272728,18.181818,33.333332,44.444443,22.222221
E01010684,J01000013,Bradford,E08000032,Bradford,E12000003,Yorkshire and The Humber,1281,393,433,289,9,3,4,3,0,4,1115,16,7,405,436,297,35.246635,38.83408,25.919283,56.25,18.75,25,42.857143,0,57.142857
E01010685,J01000013,Bradford,E08000032,Bradford,E12000003,Yorkshire and The Humber,1378,473,456,289,4,2,4,0,2,3,1218,10,5,477,460,296,38.834156,37.438423,23.727423,40,20,40,0,40,60
E01010686,J01000013,Bradford,E08000032,Bradford,E12000003,Yorkshire and The Humber,1353,442,488,293,2,6,3,2,4,3,1223,11,9,446,498,299,36.140636,39.901882,23.957481,18.181818,54.545456,27.272728,22.222221,44.444443,33.333332
E01010687,J01000013,Bradford,E08000032,Bradford,E12000003,Yorkshire and The Humber,1475,559,491,258,15,3,0,2,0,0,1308,18,2,576,494,258,42.737003,37.538227,19.724771,83.333336,16.666666,0,100,0,0
E01010688,J01000013,Bradford,E08000032,Bradford,E12000003,Yorkshire and The Humber,1542,480,478,353,9,17,8,2,7,6,1311,34,15,491,502,367,36.613274,36.460716,26.92601,26.470589,50,23.529411,13.333333,46.666668,40
E01010689,J01000013,Bradford,E08000032,Bradford,E12000003,Yorkshire and The Humber,1391,499,405,279,19,9,12,6,0,3,1183,40,9,524,414,294,42.180897,34.234997,23.584108,47.5,22.5,30,66.666664,0,33.333332
E01010690,J01000013,Bradford,E08000032,Bradford,E12000003,Yorkshire and The Humber,1557,459,444,356,23,31,15,3,3,2,1259,69,8,485,478,373,36.457504,35.266083,28.276409,33.333332,44.927536,21.73913,37.5,37.5,25
E01010730,J01000013,Bradford,E08000032,Bradford,E12000003,Yorkshire and The Humber,1258,48,98,231,10,33,40,10,27,56,377,83,93,68,158,327,12.732096,25.994696,61.273209,12.048193,39.759037,48.192772,10.752688,29.032259,60.215054
E01010731,J01000013,Bradford,E08000032,Bradford,E12000003,Yorkshire and The Humber,1396,42,59,91,56,89,118,24,15,38,192,263,77,122,163,247,21.875,30.729166,47.395832,21.292776,33.840305,44.86692,31.168831,19.48052,49.350651
E01010732,J01000013,Bradford,E08000032,Bradford,E12000003,Yorkshire and The Humber,1442,36,44,107,71,152,163,18,18,72,187,386,108,125,214,342,19.251337,23.529411,57.21925,18.393782,39.378239,42.227978,16.666666,16.666666,66.666664
E01010733,J01000013,Bradford,E08000032,Bradford,E12000003,Yorkshire and The Humber,1378,32,54,144,61,126,153,15,14,47,230,340,76,108,194,344,13.913043,23.47826,62.608696,17.941177,37.058823,45,19.736841,18.421053,61.842106
E01010734,J01000013,Bradford,E08000032,Bradford,E12000003,Yorkshire and The Humber,1059,71,148,266,26,69,82,2,4,11,485,177,17,99,221,359,14.639175,30.515465,54.84536,14.689265,38.983051,46.327682,11.764706,23.529411,64.705879
E01010735,J01000013,Bradford,E08000032,Bradford,E12000003,Yorkshire and The Humber,1091,23,61,194,43,96,112,12,19,30,278,251,61,78,176,336,8.2733812,21.942446,69.784172,17.131474,38.247013,44.621513,19.672131,31.147541,49.180328
E01010736,J01000013,Bradford,E08000032,Bradford,E12000003,Yorkshire and The Humber,1405,39,74,149,58,119,173,14,17,45,262,350,76,111,210,367,14.885496,28.244274,56.870228,16.571428,34,49.42857,18.421053,22.368422,59.210526
E01010737,J01000013,Bradford,E08000032,Bradford,E12000003,Yorkshire and The Humber,1167,20,33,70,62,139,152,14,13,29,123,353,56,96,185,251,16.260162,26.829268,56.910568,17.56374,39.37677,43.05949,25,23.214285,51.785713
E01010738,J01000013,Bradford,E08000032,Bradford,E12000003,Yorkshire and The Humber,1297,24,57,110,77,190,234,13,8,28,191,501,49,114,255,372,12.565445,29.842932,57.591621,15.369262,37.924152,46.706585,26.530613,16.32653,57.142857
E01010739,J01000013,Bradford,E08000032,Bradford,E12000003,Yorkshire and The Humber,1164,47,88,257,32,82,109,6,16,11,392,223,33,85,186,377,11.989796,22.44898,65.561226,14.349775,36.771301,48.878925,18.181818,48.484848,33.333332
E01010740,J01000013,Bradford,E08000032,Bradford,E12000003,Yorkshire and The Humber,1274,20,47,114,98,208,222,9,6,12,181,528,27,127,261,348,11.049724,25.96685,62.983425,18.560606,39.39394,42.045456,33.333332,22.222221,44.444443
E01010741,J01000013,Bradford,E08000032,Bradford,E12000003,Yorkshire and The Humber,1225,274,368,330,10,27,14,2,4,1,972,51,7,286,399,345,28.189301,37.860081,33.950619,19.607843,52.941177,27.450981,28.571428,57.142857,14.285714
E01010742,J01000013,Bradford,E08000032,Bradford,E12000003,Yorkshire and The Humber,1305,23,63,118,76,188,199,11,24,28,204,463,63,110,275,345,11.274509,30.882353,57.843136,16.414686,40.604752,42.98056,17.460318,38.095238,44.444443
E01010743,J01000013,Bradford,E08000032,Bradford,E12000003,Yorkshire and The Humber,1293,38,95,180,60,154,122,18,9,54,313,336,81,116,258,356,12.140575,30.351439,57.507988,17.857143,45.833332,36.309525,22.222221,11.111111,66.666664
E01010744,J01000013,Bradford,E08000032,Bradford,E12000003,Yorkshire and The Humber,1180,29,56,85,78,219,197,11,10,13,170,494,34,118,285,295,17.058823,32.941177,50,15.789474,44.331985,39.878544,32.35294,29.411764,38.235294
E01010745,J01000013,Bradford,E08000032,Bradford,E12000003,Yorkshire and The Humber,1177,86,171,269,61,110,90,8,12,18,526,261,38,155,293,377,16.34981,32.509506,51.140686,23.371647,42.145596,34.482758,21.052631,31.578947,47.36842
E01010746,J01000013,Bradford,E08000032,Bradford,E12000003,Yorkshire and The Humber,1376,290,387,342,33,57,47,1,2,2,1019,137,5,324,446,391,28.459274,37.978409,33.562317,24.087591,41.605839,34.306568,20,40,40
E01010747,J01000013,Bradford,E08000032,Bradford,E12000003,Yorkshire and The Humber,1242,147,252,294,56,93,61,4,9,19,693,210,32,207,354,374,21.212122,36.363636,42.424244,26.666666,44.285713,29.047619,12.5,28.125,59.375
E01010748,J01000013,Bradford,E08000032,Bradford,E12000003,Yorkshire and The Humber,1186,143,302,458,6,5,6,8,12,15,903,17,35,157,319,479,15.836102,33.444077,50.719822,35.294117,29.411764,35.294117,22.857143,34.285713,42.857143
E01010749,J01000013,Bradford,E08000032,Bradford,E12000003,Yorkshire and The Humber,1085,151,317,410,5,11,6,3,3,4,878,22,10,159,331,420,17.198177,36.104782,46.697041,22.727272,50,27.272728,30,30,40
E01010750,J01000013,Bradford,E08000032,Bradford,E12000003,Yorkshire and The Humber,1338,247,450,426,14,15,9,5,6,6,1123,38,17,266,471,441,21.994658,40.071239,37.934105,36.842106,39.473682,23.68421,29.411764,35.294117,35.294117
E01010751,J01000013,Bradford,E08000032,Bradford,E12000003,Yorkshire and The Humber,1273,215,406,465,9,6,7,5,3,3,1086,22,11,229,415,475,19.797422,37.384899,42.81768,40.909092,27.272728,31.818182,45.454544,27.272728,27.272728
E01010752,J01000013,Bradford,E08000032,Bradford,E12000003,Yorkshire and The Humber,1433,355,435,370,28,27,16,4,3,2,1160,71,9,387,465,388,30.603449,37.5,31.896551,39.436619,38.028168,22.535212,44.444443,33.333332,22.222221
E01010753,J01000013,Bradford,E08000032,Bradford,E12000003,Yorkshire and The Humber,1232,302,447,342,5,2,2,1,1,0,1091,9,2,308,450,344,27.681026,40.971584,31.347387,55.555557,22.222221,22.222221,50,50,0
E01010754,J01000013,Bradford,E08000032,Bradford,E12000003,Yorkshire and The Humber,1254,338,434,316,6,8,3,2,3,0,1088,17,5,346,445,319,31.066177,39.889706,29.044117,35.294117,47.058823,17.647058,40,60,0
E01010755,J01000013,Bradford,E08000032,Bradford,E12000003,Yorkshire and The Humber,1178,153,260,405,8,11,7,7,1,8,818,26,16,168,272,420,18.704157,31.784842,49.511002,30.76923,42.307693,26.923077,43.75,6.25,50
E01010756,J01000013,Bradford,E08000032,Bradford,E12000003,Yorkshire and The Humber,1192,311,381,311,12,13,8,1,1,0,1003,33,2,324,395,319,31.006979,37.986042,31.006979,36.363636,39.39394,24.242424,50,50,0
E01010758,J01000013,Bradford,E08000032,Bradford,E12000003,Yorkshire and The Humber,1036,395,327,156,8,7,1,5,1,1,878,16,7,408,335,158,44.988609,37.243736,17.767654,50,43.75,6.25,71.428574,14.285714,14.285714
E01010759,J01000013,Bradford,E08000032,Bradford,E12000003,Yorkshire and The Humber,1252,259,372,382,4,12,2,0,1,5,1013,18,6,263,385,389,25.567621,36.722607,37.709774,22.222221,66.666664,11.111111,0,16.666666,83.333336
E01010760,J01000013,Bradford,E08000032,Bradford,E12000003,Yorkshire and The Humber,1265,402,419,298,2,0,0,2,0,1,1119,2,3,406,419,299,35.924934,37.444145,26.63092,100,0,0,66.666664,0,33.333332
E01010761,J01000013,Bradford,E08000032,Bradford,E12000003,Yorkshire and The Humber,1294,253,339,284,53,94,44,8,1,2,876,191,11,314,434,330,28.881279,38.698631,32.42009,27.748692,49.214661,23.03665,72.727272,9.090909,18.181818
E01010762,J01000013,Bradford,E08000032,Bradford,E12000003,Yorkshire and The Humber,1193,214,305,250,44,58,55,3,1,7,769,157,11,261,364,312,27.828348,39.6619,32.509754,28.025478,36.942677,35.031849,27.272728,9.090909,63.636364
E01010763,J01000013,Bradford,E08000032,Bradford,E12000003,Yorkshire and The Humber,1273,256,374,368,20,41,39,2,2,4,998,100,8,278,417,411,25.651302,37.474949,36.873749,20,41,39,25,25,50
E01010778,J01000013,Bradford,E08000032,Bradford,E12000003,Yorkshire and The Humber,1415,237,336,434,32,31,25,8,7,11,1007,88,26,277,374,470,23.535254,33.366436,43.098312,36.363636,35.227272,28.40909,30.76923,26.923077,42.307693
E01010793,J01000013,Bradford,E08000032,Bradford,E12000003,Yorkshire and The Humber,1382,163,117,82,118,202,112,10,5,10,362,432,25,291,324,204,45.027626,32.320442,22.651934,27.314816,46.759258,25.925926,40,20,40
E01010794,J01000013,Bradford,E08000032,Bradford,E12000003,Yorkshire and The Humber,1462,244,352,411,62,60,48,11,7,4,1007,170,22,317,419,463,24.230387,34.955315,40.814301,36.470589,35.294117,28.235294,50,31.818182,18.181818
E01010799,J01000013,Bradford,E08000032,Bradford,E12000003,Yorkshire and The Humber,1190,210,309,322,39,57,37,8,1,5,841,133,14,257,367,364,24.970274,36.741974,38.287754,29.323309,42.857143,27.81955,57.142857,7.1428571,35.714287
E01010800,J01000013,Bradford,E08000032,Bradford,E12000003,Yorkshire and The Humber,1194,93,212,385,44,37,29,11,13,15,690,110,39,148,262,429,13.478261,30.724638,55.7971,40,33.636364,26.363636,28.205128,33.333332,38.46154
E01010801,J01000013,Bradford,E08000032,Bradford,E12000003,Yorkshire and The Humber,1317,177,203,181,114,155,117,4,5,6,561,386,15,295,363,304,31.550802,36.185383,32.263813,29.533678,40.155441,30.310881,26.666666,33.333332,40
E01010802,J01000013,Bradford,E08000032,Bradford,E12000003,Yorkshire and The Humber,1173,118,264,343,51,31,32,5,3,15,725,114,23,174,298,390,16.275862,36.413792,47.310345,44.736843,27.192982,28.070175,21.73913,13.043478,65.217392
E01010803,J01000013,Bradford,E08000032,Bradford,E12000003,Yorkshire and The Humber,1258,23,43,100,71,218,236,4,3,6,166,525,13,98,264,342,13.855422,25.903614,60.240963,13.523809,41.523811,44.952381,30.76923,23.076923,46.153847
E01010804,J01000013,Bradford,E08000032,Bradford,E12000003,Yorkshire and The Humber,1715,21,32,30,165,354,313,1,1,6,83,832,8,187,387,349,25.301205,38.554218,36.144577,19.83173,42.548077,37.620193,12.5,12.5,75
E01010805,J01000013,Bradford,E08000032,Bradford,E12000003,Yorkshire and The Humber,1188,139,123,92,148,181,109,4,0,2,354,438,6,291,304,203,39.265537,34.745762,25.988701,33.789955,41.3242,24.885845,66.666664,0,33.333332
E01010806,J01000013,Bradford,E08000032,Bradford,E12000003,Yorkshire and The Humber,1137,81,81,79,120,175,143,5,10,5,241,438,20,206,266,227,33.609959,33.609959,32.780083,27.397261,39.954338,32.648403,25,50,25
E01010807,J01000013,Bradford,E08000032,Bradford,E12000003,Yorkshire and The Humber,1590,68,55,98,137,206,230,9,4,9,221,573,22,214,265,337,30.76923,24.886877,44.343891,23.90925,35.951134,40.139618,40.909092,18.181818,40.909092
E01010808,J01000013,Bradford,E08000032,Bradford,E12000003,Yorkshire and The Humber,1456,11,20,18,106,261,334,2,5,5,49,701,12,119,286,357,22.44898,40.816326,36.734695,15.121255,37.232525,47.646221,16.666666,41.666668,41.666668
E01010809,J01000013,Bradford,E08000032,Bradford,E12000003,Yorkshire and The Humber,1578,18,12,27,142,291,315,3,5,3,57,748,11,163,308,345,31.578947,21.052631,47.36842,18.983957,38.903744,42.112301,27.272728,45.454544,27.272728
E01010810,J01000013,Bradford,E08000032,Bradford,E12000003,Yorkshire and The Humber,1364,51,63,70,150,240,177,10,5,9,184,567,24,211,308,256,27.717392,34.239132,38.04348,26.455027,42.328041,31.21693,41.666668,20.833334,37.5
E01010811,J01000013,Bradford,E08000032,Bradford,E12000003,Yorkshire and The Humber,1408,9,17,31,144,252,302,4,7,10,57,698,21,157,276,343,15.789474,29.824562,54.385963,20.630373,36.103153,43.266476,19.047619,33.333332,47.619049
E01010812,J01000013,Bradford,E08000032,Bradford,E12000003,Yorkshire and The Humber,1362,33,46,88,80,190,193,20,5,18,167,463,43,133,241,299,19.760479,27.54491,52.694611,17.278618,41.036716,41.684666,46.511627,11.627907,41.860466
E01010813,J01000013,Bradford,E08000032,Bradford,E12000003,Yorkshire and The Humber,1178,23,31,74,70,202,213,9,12,10,128,485,31,102,245,297,17.96875,24.21875,57.8125,14.43299,41.649483,43.917526,29.032259,38.709679,32.258064
E01010814,J01000013,Bradford,E08000032,Bradford,E12000003,Yorkshire and The Humber,1348,185,379,508,8,12,4,3,4,10,1072,24,17,196,395,522,17.257463,35.354477,47.388062,33.333332,50,16.666666,17.647058,23.529411,58.823528
E01010815,J01000013,Bradford,E08000032,Bradford,E12000003,Yorkshire and The Humber,1773,258,369,484,64,66,37,26,13,13,1111,167,52,348,448,534,23.222322,33.213322,43.564358,38.323353,39.520958,22.155689,50,25,25
E01010816,J01000013,Bradford,E08000032,Bradford,E12000003,Yorkshire and The Humber,1467,448,453,297,13,17,16,16,11,8,1198,46,35,477,481,321,37.39566,37.813023,24.791319,28.26087,36.95652,34.782608,45.714287,31.428572,22.857143
E01010817,J01000013,Bradford,E08000032,Bradford,E12000003,Yorkshire and The Humber,1606,161,298,609,25,38,21,22,8,34,1068,84,64,208,344,664,15.074906,27.902622,57.022472,29.761906,45.238094,25,34.375,12.5,53.125
E01010818,J01000013,Bradford,E08000032,Bradford,E12000003,Yorkshire and The Humber,1423,310,371,295,60,50,60,13,6,7,976,170,26,383,427,362,31.762295,38.012295,30.22541,35.294117,29.411764,35.294117,50,23.076923,26.923077
E01010819,J01000013,Bradford,E08000032,Bradford,E12000003,Yorkshire and The Humber,1140,68,167,450,4,7,12,11,6,21,685,23,38,83,180,483,9.9270077,24.379562,65.693428,17.391304,30.434782,52.173912,28.947369,15.789474,55.263157
E01010820,J01000013,Bradford,E08000032,Bradford,E12000003,Yorkshire and The Humber,1075,78,159,480,6,3,1,4,14,24,717,10,42,88,176,505,10.878661,22.175732,66.94561,60,30,10,9.5238094,33.333332,57.142857
E01010821,J01000013,Bradford,E08000032,Bradford,E12000003,Yorkshire and The Humber,1414,168,272,463,9,10,13,16,16,26,903,32,58,193,298,502,18.60465,30.121817,51.273533,28.125,31.25,40.625,27.586206,27.586206,44.827587
E01010822,J01000013,Bradford,E08000032,Bradford,E12000003,Yorkshire and The Humber,1073,71,182,407,16,5,4,6,9,8,660,25,23,93,196,419,10.757576,27.575758,61.666668,64,20,16,26.086956,39.130436,34.782608
E01010824,J01000013,Bradford,E08000032,Bradford,E12000003,Yorkshire and The Humber,1336,67,114,144,66,97,109,12,9,40,325,272,61,145,220,293,20.615385,35.076923,44.307693,24.264706,35.661766,40.073528,19.672131,14.754098,65.573769
E01010825,J01000013,Bradford,E08000032,Bradford,E12000003,Yorkshire and The Humber,1048,218,304,259,27,28,24,6,4,2,781,79,12,251,336,285,27.912931,38.924458,33.162613,34.177216,35.443039,30.379747,50,33.333332,16.666666
E01010826,J01000013,Bradford,E08000032,Bradford,E12000003,Yorkshire and The Humber,1014,73,155,303,27,64,50,3,4,10,531,141,17,103,223,363,13.747646,29.190207,57.062145,19.148935,45.390072,35.460995,17.647058,23.529411,58.823528
E01010827,J01000013,Bradford,E08000032,Bradford,E12000003,Yorkshire and The Humber,1004,171,264,260,30,50,38,1,3,5,695,118,9,202,317,303,24.604317,37.985611,37.410072,25.423729,42.372883,32.203388,11.111111,33.333332,55.555557
E01010828,J01000013,Bradford,E08000032,Bradford,E12000003,Yorkshire and The Humber,1289,186,313,368,31,51,28,14,3,9,867,110,26,231,367,405,21.453287,36.101498,42.445213,28.181818,46.363636,25.454546,53.846153,11.538462,34.615383
E01010829,J01000013,Bradford,E08000032,Bradford,E12000003,Yorkshire and The Humber,1203,121,163,213,59,110,103,10,6,9,497,272,25,190,279,325,24.346077,32.79678,42.857143,21.691177,40.441177,37.867645,40,24,36
E01010830,J01000013,Bradford,E08000032,Bradford,E12000003,Yorkshire and The Humber,1266,111,167,254,48,124,116,6,9,5,532,288,20,165,300,375,20.864662,31.390978,47.744362,16.666666,43.055557,40.277779,30,45,25
E01010831,J01000013,Bradford,E08000032,Bradford,E12000003,Yorkshire and The Humber,1302,63,102,116,73,173,198,10,8,12,281,444,30,146,283,326,22.41993,36.298931,41.281139,16.441441,38.963963,44.594593,33.333332,26.666666,40
E01010832,J01000013,Bradford,E08000032,Bradford,E12000003,Yorkshire and The Humber,1190,74,127,149,69,183,136,2,1,1,350,388,4,145,311,286,21.142857,36.285713,42.57143,17.783504,47.164948,35.051548,50,25,25
E01010833,J01000013,Bradford,E08000032,Bradford,E12000003,Yorkshire and The Humber,1212,23,40,81,72,138,157,3,8,20,144,367,31,98,186,258,15.972222,27.777779,56.25,19.618528,37.60218,42.779293,9.6774197,25.806452,64.516129
E01010834,J01000013,Bradford,E08000032,Bradford,E12000003,Yorkshire and The Humber,3473,30,23,52,90,121,94,6,3,14,105,305,23,126,147,160,28.571428,21.904762,49.523811,29.508196,39.672131,30.819672,26.086956,13.043478,60.869564
E01010835,J01000013,Bradford,E08000032,Bradford,E12000003,Yorkshire and The Humber,2236,7,16,21,196,375,424,3,5,10,44,995,18,206,396,455,15.909091,36.363636,47.727272,19.698492,37.688442,42.613064,16.666666,27.777779,55.555557
E01010836,J01000013,Bradford,E08000032,Bradford,E12000003,Yorkshire and The Humber,1856,8,15,13,93,164,191,3,6,9,36,448,18,104,185,213,22.222221,41.666668,36.111111,20.758928,36.607143,42.63393,16.666666,33.333332,50
E01010837,J01000013,Bradford,E08000032,Bradford,E12000003,Yorkshire and The Humber,1533,9,7,11,126,323,292,3,1,1,27,741,5,138,331,304,33.333332,25.925926,40.740742,17.004049,43.589745,39.406208,60,20,20
E01010838,J01000013,Bradford,E08000032,Bradford,E12000003,Yorkshire and The Humber,1270,9,9,26,78,213,265,5,20,9,44,556,34,92,242,300,20.454546,20.454546,59.090908,14.028777,38.309353,47.661869,14.705882,58.823528,26.470589
E01010839,J01000013,Bradford,E08000032,Bradford,E12000003,Yorkshire and The Humber,1161,19,48,74,65,159,163,10,1,6,141,387,17,94,208,243,13.475178,34.042553,52.482269,16.795866,41.08527,42.118862,58.823528,5.8823528,35.294117
E01010840,J01000013,Bradford,E08000032,Bradford,E12000003,Yorkshire and The Humber,1225,23,44,81,64,152,229,3,5,24,148,445,32,90,201,334,15.540541,29.729731,54.729729,14.382023,34.157303,51.460674,9.375,15.625,75
E01010841,J01000013,Bradford,E08000032,Bradford,E12000003,Yorkshire and The Humber,1291,5,24,24,87,228,248,8,4,15,53,563,27,100,256,287,9.4339619,45.28302,45.28302,15.45293,40.497337,44.049732,29.629629,14.814815,55.555557
E01010842,J01000013,Bradford,E08000032,Bradford,E12000003,Yorkshire and The Humber,1327,3,22,75,76,171,211,7,9,36,100,458,52,86,202,322,3,22,75,16.593887,37.336243,46.06987,13.461538,17.307692,69.230766
E01010843,J01000013,Bradford,E08000032,Bradford,E12000003,Yorkshire and The Humber,1369,1,6,14,86,220,280,2,10,10,21,586,22,89,236,304,4.7619047,28.571428,66.666664,14.675768,37.542664,47.78157,9.090909,45.454544,45.454544
E01010845,J01000013,Bradford,E08000032,Bradford,E12000003,Yorkshire and The Humber,1507,187,293,594,13,13,7,14,13,14,1074,33,41,214,319,615,17.411545,27.281191,55.307262,39.39394,39.39394,21.212122,34.146343,31.707317,34.146343
E01010846,J01000013,Bradford,E08000032,Bradford,E12000003,Yorkshire and The Humber,1652,297,449,483,20,56,32,16,4,11,1229,108,31,333,509,526,24.165989,36.533768,39.300243,18.518518,51.851852,29.629629,51.612904,12.903226,35.483871
E01010847,J01000013,Bradford,E08000032,Bradford,E12000003,Yorkshire and The Humber,1226,244,409,308,14,36,23,4,4,4,961,73,12,262,449,335,25.390219,42.559834,32.04995,19.178082,49.315067,31.506849,33.333332,33.333332,33.333332
E01010848,J01000013,Bradford,E08000032,Bradford,E12000003,Yorkshire and The Humber,1228,261,352,276,34,42,33,4,6,3,889,109,13,299,400,312,29.358829,39.595051,31.04612,31.192661,38.532108,30.275229,30.76923,46.153847,23.076923
E01010849,J01000013,Bradford,E08000032,Bradford,E12000003,Yorkshire and The Humber,1184,288,410,340,4,8,4,1,2,0,1038,16,3,293,420,344,27.745665,39.499035,32.755299,25,50,25,33.333332,66.666664,0
E01010850,J01000013,Bradford,E08000032,Bradford,E12000003,Yorkshire and The Humber,978,131,192,384,5,3,9,5,6,9,707,17,20,141,201,402,18.528996,27.157001,54.314003,29.411764,17.647058,52.941177,25,30,45
E01010851,J01000013,Bradford,E08000032,Bradford,E12000003,Yorkshire and The Humber,1278,276,381,384,13,16,9,3,3,7,1041,38,13,292,400,400,26.512968,36.599422,36.887608,34.210526,42.105263,23.68421,23.076923,23.076923,53.846153
E01010852,J01000013,Bradford,E08000032,Bradford,E12000003,Yorkshire and The Humber,1187,139,262,352,49,72,66,12,7,18,753,187,37,200,341,436,18.459496,34.794155,46.746349,26.203209,38.502674,35.294117,32.432434,18.918919,48.648647
E01010853,J01000013,Bradford,E08000032,Bradford,E12000003,Yorkshire and The Humber,1038,222,305,208,25,40,28,12,2,8,735,93,22,259,347,244,30.204082,41.496597,28.29932,26.88172,43.010754,30.107527,54.545456,9.090909,36.363636
E01010864,J01000013,Bradford,E08000032,Bradford,E12000003,Yorkshire and The Humber,967,177,235,330,5,6,6,5,4,2,742,17,11,187,245,338,23.854448,31.67116,44.474392,29.411764,35.294117,35.294117,45.454544,36.363636,18.181818
E01010865,J01000013,Bradford,E08000032,Bradford,E12000003,Yorkshire and The Humber,1320,324,459,386,5,9,4,2,0,1,1169,18,3,331,468,391,27.715996,39.264328,33.019676,27.777779,50,22.222221,66.666664,0,33.333332
E01010866,J01000013,Bradford,E08000032,Bradford,E12000003,Yorkshire and The Humber,1121,244,362,306,8,8,9,2,3,1,912,25,6,254,373,316,26.754387,39.692982,33.552631,32,32,36,33.333332,50,16.666666
E01010867,J01000013,Bradford,E08000032,Bradford,E12000003,Yorkshire and The Humber,1081,174,297,362,12,14,13,8,6,6,833,39,20,194,317,381,20.888355,35.654263,43.457382,30.76923,35.897434,33.333332,40,30,30
E01010868,J01000013,Bradford,E08000032,Bradford,E12000003,Yorkshire and The Humber,1256,182,329,398,13,15,7,4,6,9,909,35,19,199,350,414,20.022001,36.193619,43.784378,37.142857,42.857143,20,21.052631,31.578947,47.36842
E01010869,J01000013,Bradford,E08000032,Bradford,E12000003,Yorkshire and The Humber,1370,233,414,471,10,8,4,5,2,7,1118,22,14,248,424,482,20.840788,37.030411,42.128803,45.454544,36.363636,18.181818,35.714287,14.285714,50
E01010870,J01000013,Bradford,E08000032,Bradford,E12000003,Yorkshire and The Humber,1285,345,428,363,2,9,3,1,1,2,1136,14,4,348,438,368,30.369719,37.676056,31.954226,14.285714,64.285713,21.428572,25,25,50
E01010871,J01000013,Bradford,E08000032,Bradford,E12000003,Yorkshire and The Humber,1369,332,384,381,12,18,9,6,0,2,1097,39,8,350,402,392,30.264357,35.004559,34.731083,30.76923,46.153847,23.076923,75,0,25
E01010872,J01000013,Bradford,E08000032,Bradford,E12000003,Yorkshire and The Humber,1234,200,317,456,5,7,6,3,3,13,973,18,19,208,327,475,20.554985,32.579651,46.865364,27.777779,38.888889,33.333332,15.789474,15.789474,68.421051
E01010873,J01000013,Bradford,E08000032,Bradford,E12000003,Yorkshire and The Humber,1036,276,350,271,7,7,6,4,3,0,897,20,7,287,360,277,30.76923,39.018951,30.211817,35,35,30,57.142857,42.857143,0
E01010874,J01000013,Bradford,E08000032,Bradford,E12000003,Yorkshire and The Humber,974,127,230,411,3,3,1,2,2,6,768,7,10,132,235,418,16.536459,29.947916,53.515625,42.857143,42.857143,14.285714,20,20,60
E01010932,J01000013,Bradford,E08000033,Calderdale,E12000003,Yorkshire and The Humber,1329,419,470,293,8,4,5,0,0,0,1182,17,0,427,474,298,35.448391,39.763115,24.788494,47.058823,23.529411,29.411764,,,
E01011051,J01000013,Bradford,E08000034,Kirklees,E12000003,Yorkshire and The Humber,1294,393,451,289,2,6,2,2,3,1,1133,10,6,397,460,292,34.686672,39.805824,25.507502,20,60,20,33.333332,50,16.666666
E01011055,J01000013,Bradford,E08000034,Kirklees,E12000003,Yorkshire and The Humber,1036,358,335,199,11,17,8,0,0,1,892,36,1,369,352,208,40.134529,37.556053,22.309418,30.555555,47.222221,22.222221,0,0,100
E01011056,J01000013,Bradford,E08000034,Kirklees,E12000003,Yorkshire and The Humber,1344,465,421,321,10,9,3,5,1,1,1207,22,7,480,431,325,38.525269,34.879868,26.594864,45.454544,40.909092,13.636364,71.428574,14.285714,14.285714
E01011057,J01000013,Bradford,E08000034,Kirklees,E12000003,Yorkshire and The Humber,1129,400,381,209,3,5,1,7,2,2,990,9,11,410,388,212,40.404041,38.484848,21.111111,33.333332,55.555557,11.111111,63.636364,18.181818,18.181818
E01011058,J01000013,Bradford,E08000034,Kirklees,E12000003,Yorkshire and The Humber,998,294,330,258,5,1,1,2,4,1,882,7,7,301,335,260,33.333332,37.414967,29.251701,71.428574,14.285714,14.285714,28.571428,57.142857,14.285714
E01011064,J01000013,Bradford,E08000034,Kirklees,E12000003,Yorkshire and The Humber,1187,278,357,375,1,12,5,2,0,0,1010,18,2,281,369,380,27.524752,35.346535,37.128712,5.5555553,66.666664,27.777779,100,0,0
E01011069,J01000013,Bradford,E08000034,Kirklees,E12000003,Yorkshire and The Humber,1132,345,371,297,6,4,3,2,3,1,1013,13,6,353,378,301,34.057255,36.62389,29.318855,46.153847,30.76923,23.076923,33.333332,50,16.666666
E01011588,J01000013,Bradford,E08000035,Leeds,E12000003,Yorkshire and The Humber,1356,532,394,227,15,12,2,1,0,1,1153,29,2,548,406,230,46.140503,34.171726,19.687771,51.724136,41.379311,6.8965516,50,0,50
E01011589,J01000013,Bradford,E08000035,Leeds,E12000003,Yorkshire and The Humber,1241,609,328,157,16,5,0,1,2,1,1094,21,4,626,335,158,55.667274,29.981718,14.351006,76.190475,23.809525,0,25,50,25
E01011590,J01000013,Bradford,E08000035,Leeds,E12000003,Yorkshire and The Humber,1263,510,428,171,14,11,5,2,0,0,1109,30,2,526,439,176,45.987377,38.593327,15.419296,46.666668,36.666668,16.666666,100,0,0
E01011606,J01000013,Bradford,E08000035,Leeds,E12000003,Yorkshire and The Humber,1280,223,371,339,44,59,53,3,2,5,933,156,10,270,432,397,23.901394,39.764202,36.334404,28.205128,37.820515,33.974358,30,20,50
E01033690,J01000013,Bradford,E08000032,Bradford,E12000003,Yorkshire and The Humber,1040,103,85,57,57,27,22,13,4,10,245,106,27,173,116,89,42.040817,34.693878,23.265306,53.773586,25.471699,20.754717,48.148148,14.814815,37.037037
E01033691,J01000013,Bradford,E08000032,Bradford,E12000003,Yorkshire and The Humber,1182,42,49,94,57,109,136,4,19,26,185,302,49,103,177,256,22.702703,26.486486,50.81081,18.874172,36.092716,45.033112,8.1632652,38.775509,53.061226
E01033692,J01000013,Bradford,E08000032,Bradford,E12000003,Yorkshire and The Humber,919,79,92,89,57,36,14,21,16,12,260,107,49,157,144,115,30.384615,35.384617,34.23077,53.271027,33.644859,13.084112,42.857143,32.653061,24.489796
E01033693,J01000013,Bradford,E08000032,Bradford,E12000003,Yorkshire and The Humber,1648,33,49,96,136,200,205,5,10,27,178,541,42,174,259,328,18.539326,27.52809,53.932583,25.138632,36.968578,37.892792,11.904762,23.809525,64.285713
E01033695,J01000013,Bradford,E08000032,Bradford,E12000003,Yorkshire and The Humber,1433,340,341,242,77,68,48,11,5,1,923,193,17,428,414,291,36.836403,36.944744,26.218851,39.896374,35.233162,24.870466,64.705879,29.411764,5.8823528
E01033696,J01000013,Bradford,E08000032,Bradford,E12000003,Yorkshire and The Humber,1206,303,372,254,35,40,22,10,2,2,929,97,14,348,414,278,32.615715,40.043056,27.341227,36.082474,41.237114,22.680412,71.428574,14.285714,14.285714
E01033697,J01000013,Bradford,E08000032,Bradford,E12000003,Yorkshire and The Humber,1936,46,71,123,138,342,366,6,3,15,240,846,24,190,416,504,19.166666,29.583334,51.25,16.312057,40.425533,43.262413,25,12.5,62.5
